NODE,nodeId
NODE,15
NODE,332
NODE,503
NODE,23
NODE,327
NODE,329
NODE,499
NODE,25
NODE,971
NODE,916
NODE,318
NODE,416
NODE,26
NODE,494
NODE,361
NODE,352
NODE,403
NODE,343
NODE,112
NODE,53
NODE,34
NODE,774
NODE,801
NODE,773
NODE,142
NODE,38
NODE,469
NODE,1127
NODE,883
NODE,480
NODE,488
NODE,70
NODE,486
NODE,478
NODE,81
NODE,492
NODE,89
NODE,482
NODE,98
NODE,776
NODE,704
NODE,273
NODE,431
NODE,120
NODE,173
NODE,371
NODE,446
NODE,200
NODE,442
NODE,377
NODE,207
NODE,242
NODE,257
NODE,338
NODE,354
NODE,251
NODE,297
NODE,610
NODE,285
NODE,293
NODE,393
NODE,388
NODE,391
NODE,313
NODE,335
NODE,348
NODE,502
NODE,384
NODE,484
NODE,609
NODE,358
NODE,436
NODE,452
NODE,861
NODE,412
NODE,647
NODE,421
NODE,464
NODE,423
NODE,467
NODE,1040
NODE,638
NODE,694
NODE,594
NODE,593
NODE,563
NODE,749
NODE,988
NODE,545
NODE,544
NODE,546
NODE,1136
NODE,578
NODE,579
NODE,497
NODE,1002
NODE,656
NODE,1027
NODE,667
NODE,768
NODE,675
NODE,778
NODE,866
NODE,681
NODE,849
NODE,701
NODE,842
NODE,685
NODE,932
NODE,700
NODE,933
NODE,979
NODE,873
NODE,918
NODE,827
NODE,757
NODE,760
NODE,941
NODE,940
NODE,888
NODE,809
NODE,1005
NODE,953
NODE,806
NODE,1036
NODE,992
NODE,787
NODE,958
NODE,967
NODE,810
NODE,813
NODE,986
NODE,1111
NODE,909
NODE,893
NODE,838
NODE,882
NODE,931
NODE,899
NODE,1115
NODE,952
NODE,1139
NODE,887
NODE,1124
NODE,911
NODE,927
NODE,1098
NODE,1118
